,,,,,,,,,,,
항공사,등록기호,형식,제작일자,기령(년),좌석,최대이륙중량,정치장,,,,
대한항공,HL7584,A330-300,00.05.15,21,276,215.28ton,김포공항,,,,
대한항공,HL7573,B777-300,00.05.30,21,338,272.97ton,인천국제공항,,,,
대한항공,HL7585,A330-300,00.07.06,21,276,215.28ton,김포공항,,,,
대한항공,HL7586,A330-300,00.07.21,21,276,215.28ton,김포공항,,,,
대한항공,HL7560,B737-800,00.07.10,21,147,79ton,인천국제공항,,,,
대한항공,HL7574,B777-200,00.09.18,21,248,286.9ton,김해공항,,,,
대한항공,HL7575,B777-200,00.10.12,21,248,292.56ton,인천국제공항,,,,
대한항공,HL7587,A330-300,00.11.08,21,276,215.28ton,제주공항,,,,
대한항공,HL7598,B777-200,01.07.17,20,248,292.56ton,인천국제공항,,,,
대한항공,HL7702,A330-300,01.09.12,20,276,215.28ton,인천국제공항,,,,
대한항공,HL7714,B777-200,02.06.24,19,248,292.56ton,인천국제공항,,,,
대한항공,HL7706,B737-900,02.07.09,19,188,78.39ton,청주국제공항,,,,
대한항공,HL7709,A330-300,02.07.02,19,276,215.28ton,인천국제공항,,,,
대한항공,HL7707,B737-900,02.07.12,19,188,78.39ton,제주국제공항,,,,
대한항공,HL7715,B777-200,02.08.13,19,248,292.56ton,인천국제공항,,,,
대한항공,HL7710,A330-300,02.07.18,19,276,215.28ton,인천국제공항,,,,
대한항공,HL7708,B737-900,02.08.08,19,188,79.02ton,청주국제공항,,,,
대한항공,HL7718,B737-900,03.05.28,18,188,79.02ton,김포공항,,,,
대한항공,HL7716,B737-900,03.04.21,18,188,79.02ton,김포공항,,,,
대한항공,HL7717,B737-900,03.05.14,18,188,79.02ton,김포공항,,,,
대한항공,HL7721,B777-200,03.08.06,18,248,286.9ton,인천국제공항,,,,
대한항공,HL7720,A330-300,03.08.07,18,276,217ton,인천국제공항,,,,
대한항공,HL7724,B737-900,04.04.09,17,188,79ton,김포공항,,,,
대한항공,HL7725,B737-900,04.05.11,17,188,79ton,김포공항,,,,
대한항공,HL7601,B747-400F,04.07.19,17,8,412.8ton,인천국제공항,,,,
대한항공,HL7727,B737-900,04.06.23,17,188,79ton,김포공항,,,,
대한항공,HL7728,B737-900,04.11.19,17,188,79ton,제주국제공항,,,,
대한항공,HL7726,B737-900,05.05.26,16,188,79ton,김포공항,,,,
대한항공,HL7602,B747-400F,05.10.07,16,8,412.8ton,인천국제공항,,,,
대한항공,HL7603,B747-400F,05.12.08,16,8,412.8ton,인천국제공항,,,,
대한항공,HL7605,B747-400F,06.05.31,15,8,412.8ton,인천국제공항,,,,
대한항공,HL7751,B777-200,07.07.20,14,261,292.56ton,인천국제공항,,,,
대한항공,HL7752,B777-200,07.11.05,14,261,292.56ton,제주국제공항,,,,
대한항공,HL7764,B777-200,07.11.14,14,261,292.56ton,인천국제공항,,,,
대한항공,HL7765,B777-200,08.03.29,13,261,292.56ton,김포공항,,,,
대한항공,HL7766,B777-200,08.06.08,13,261,292.56ton,인천국제공항,,,,
대한항공,HL7782,B777-300ER,09.04.19,12,291,344.74ton,인천국제공항,,,,
대한항공,HL7783,B777-300ER,09.07.19,12,291,344.74ton,인천국제공항,,,,
대한항공,HL8208,B777-300ER,10.04.13,11,291,344.74ton,인천국제공항,,,,
대한항공,HL8209,B777-300ER,10.05.16,11,291,344.74ton,인천국제공항,,,,
대한항공,HL8222,B737-700,09.07.27,12,16,77.6ton,김포공항,,,,
대한항공,HL8210,B777-300ER,10.06.23,11,291,344.74ton,인천국제공항,,,,
대한항공,HL8211,A330-200,10.06.21,11,218,237.9ton,인천국제공항,,,,
대한항공,HL8212,A330-200,10.08.30,11,218,238ton,인천국제공항,,,,
대한항공,HL8227,A330-200,11.01.24,11,218,238ton,인천국제공항,,,,
대한항공,HL8228,A330-200,11.01.31,11,218,238ton,인천국제공항,,,,
대한항공,HL8216,B777-300ER,11.04.21,10,291,344.74ton,인천국제공항,,,,
대한항공,HL7611,A380-800,10.09.27,11,407,560ton,인천국제공항,,,,
대한항공,HL8217,B777-300ER,11.05.15,10,291,344.74ton,제주국제공항,,,,
대한항공,HL8221,B737-900ER,11.04.22,10,159,81.87ton,제주국제공항,,,,
대한항공,HL8223,B737-900ER,11.06.08,10,159,81.87ton,제주국제공항,,,,
대한항공,HL7612,A380-800,10.11.08,11,407,560ton,인천국제공항,,,,
대한항공,HL7613,A380-800,10.11.24,11,407,560ton,인천국제공항,,,,
대한항공,HL7614,A380-800,11.02.08,11,407,560ton,인천국제공항,,,,
대한항공,HL8240,B737-800,11.09.14,10,138,79.0ton,제주국제공항,,,,
대한항공,HL8218,B777-300ER,11.10.26,10,291,344.74ton,인천국제공항,,,,
대한항공,HL7615,A380-800,11.03.29,10,407,560ton,인천국제공항,,,,
대한항공,HL8241,B737-800,11.11.07,10,138,79.0ton,인천국제공항,,,,
대한항공,HL7609,B747-8F,12.01.10,10,8,442.2ton,인천국제공항,,,,
대한항공,HL8251,B777F,12.01.10,10,8,347.8ton,인천국제공항,,,,
대한항공,HL8248,B737-900ER,12.05.05,9,159,81.64ton,청주국제공항,,,,
대한항공,HL8249,B737-900ER,12.06.07,9,159,81.64ton,청주국제공항,,,,
대한항공,HL8250,B777-300ER,12.06.04,9,291,344.74ton,제주국제공항,,,,
대한항공,HL8252,B777F,12.06.24,9,8,347.8ton,제주국제공항,,,,
대한항공,HL7610,B747-8F,12.08.18,9,8,442.2ton,인천국제공항,,,,
대한항공,HL7619,A380-800,12.06.27,9,407,560ton,인천국제공항,,,,
대한항공,HL8226,B777F,13.01.17,9,8,347.8ton,인천국제공항,,,,
대한항공,HL8274,B777-300ER,13.02.09,9,291,344.74ton,인천국제공항,,,,
대한항공,HL8276,A330-200,13.02.11,9,218,238ton,인천국제공항,,,,
대한항공,HL7617,B747-8F,13.03.15,8,,442.2ton,인천국제공항,,,,
대한항공,HL8272,B737-900ER,13.05.09,8,159,81.64ton,김포공항,,,,
대한항공,HL8273,B737-900ER,13.05.24,8,159,81.64ton,김포공항,,,,
대한항공,HL8275,B777-300ER,13.05.24,8,291,344.74ton,김포공항,,,,
대한항공,HL7621,A380-800,13.01.24,9,407,560ton,청주국제공항,,,,
대한항공,HL7622,A380-800,13.03.20,8,407,560ton,청주국제공항,,,,
대한항공,HL7624,B747-8F,13.12.14,8,,447.69ton,인천국제공항,,,,
대한항공,HL8285,B777F,14.01.13,8,,347.81ton,김포공항,,,,
대한항공,HL7623,B747-8F,14.02.21,8,,447.69ton,인천국제공항,,,,
대한항공,HL7627,A380-800,14.02.12,8,407,560ton,청주국제공항,,,,
대한항공,HL7628,A380-800,14.03.05,8,407,560ton,청주국제공항,,,,
대한항공,HL8001,A330-300,14.09.10,7,272,230ton,김포공항,,,,
대한항공,HL8002,A330-300,14.10.31,7,272,230ton,김포공항,,,,
대한항공,HL8003,A330-300,14.12.04,7,272,230ton,김포공항,,,,
대한항공,HL8005,B777F,15.02.05,7,,347.81ton,김포공항,,,,
대한항공,HL8025,A330-300,15.02.16,7,272,230ton,김포공항,,,,
대한항공,HL8010,B777-300ER,15.04.08,6,291,344.74ton,김포공항,,,,
대한항공,HL8011,B777-300ER,15.05.07,6,291,344.74ton,김포공항,,,,
대한항공,HL8026,A330-300,15.06.10,6,272,230ton,김포공항,,,,
대한항공,HL7629,B747-8F,15.06.10,6,,447.69ton,청주국제공항,,,,
대한항공,HL8006,B777-300ER,15.06.24,6,291,344.74ton,김포공항,,,,
대한항공,HL8007,B777-300ER,15.07.27,6,291,344.74ton,김포공항,,,,
대한항공,HL7630,B747-8,15.07.20,6,368,447.69ton,청주국제공항,,,,
대한항공,HL8027,A330-300,15.08.20,6,272,230ton,김포공항,,,,
대한항공,HL7631,B747-8,15.08.24,6,368,447.69ton,청주국제공항,,,,
대한항공,HL8008,B777-300ER,15.09.18,6,277,344.73ton,김포공항,,,,
대한항공,HL7632,B747-8,15.09.29,6,368,447.69ton,인천국제공항,,,,
대한항공,HL7633,B747-8,15.10.22,6,368,447.69ton,인천국제공항,,,,
대한항공,HL8009,B777-300ER,15.12.05,6,277,344.73ton,김포공항,,,,
대한항공,HL7636,B747-8,15.12.10,6,368,447.69ton,인천국제공항,,,,
대한항공,HL7638,B747-8,16.04.26,5,368,447.69ton,청주국제공항,,,,
대한항공,HL8041,B777-300ER,16.05.16,5,277,344.73ton,김포공항,,,,
대한항공,HL8075,B777F,16.01.27,6,,347.81ton,김포공항,,,,
대한항공,HL7637,B747-8,16.06.02,5,368,447.69ton,청주국제공항,,,,
대한항공,HL8042,B777-300ER,16.06.02,5,277,344.73ton,김포공항,,,,
대한항공,HL8043,B777F,16.08.14,5,,347.81ton,김포공항,,,,
대한항공,HL8044,B777F,16.09.19,5,,347.81ton,김포공항,,,,
대한항공,HL8076,B777F,16.09.23,5,,347.81ton,김포공항,,,,
대한항공,HL8045,B777F,16.10.21,5,,347.81ton,김포공항,,,,
대한항공,HL8046,B777F,16.11.23,5,,347.81ton,김포공항,,,,
대한항공,HL7639,B747-8F,16.07.15,5,,447.69ton,청주국제공항,,,,
대한항공,HL8081,B787-9,17.01.25,5,269,557000lbs,김포공항,,,,
대한항공,HL8082,B787-9,17.03.30,4,269,557000lbs,제주국제공항,,,,
대한항공,HL7642,B747-8,17.03.19,4,368,447.69ton,김포공항,,,,
대한항공,HL7643,B747-8,17.04.28,4,368,447.69ton,청주국제공항,,,,
대한항공,HL8083,B787-9,17.06.27,4,269,545000lbs,청주국제공항,,,,
대한항공,HL7644,B747-8,17.06.23,4,368,447.69ton,김포공항,,,,
대한항공,HL8084,B787-9,17.08.29,4,269,557000lbs,제주국제공항,,,,
대한항공,HL8077,B777F,17.10.04,4,,347.81ton,제주국제공항,,,,
대한항공,HL8085,B787-9,17.12.09,4,269,557000lbs,제주국제공항,,,,
대한항공,HL8092,BD500-1A11,17.10.02,4,127,67585kg,청주국제공항,,,,
대한항공,HL8093,BD500-1A11,17.11.07,4,127,67585kg,김포공항,,,,
대한항공,HL7202,B777-300ER,18.01.16,4,277,344.73ton,청주국제공항,,,,
대한항공,HL7200,BD500-1A11,18.01.25,4,127,67585kg,제주국제공항,,,,
대한항공,HL7203,B777-300ER,18.02.06,4,277,344.73ton,김포공항,,,,
대한항공,HL7201,BD500-1A11,18.03.25,3,127,67585kg,청주국제공항,,,,
대한항공,HL7204,B777-300ER,18.03.10,3,277,344.73ton,제주국제공항,,,,
대한항공,HL7205,B777-300ER,18.05.19,3,277,344.73ton,청주국제공항,,,,
대한항공,HL8313,BD500-1A11,18.05.15,3,127,67585kg,청주국제공항,,,,
대한항공,HL7206,B787-9,18.05.22,3,269,557000lbs,김포공항,,,,
대한항공,HL8311,BD500-1A11,18.06.17,3,127,67585kg,김포공항,,,,
대한항공,HL7207,B787-9,18.07.13,3,269,557000lbs,제주공항,,,,
대한항공,HL8312,BD500-1A11,18.07.18,3,127,67585kg,제주국제공항,,,,
대한항공,HL7208,B787-9,18.09.09,3,269,557000lbs,청주국제공항,,,,
대한항공,HL8314,BD500-1A11,18.08.27,3,127,67585kg,인천국제공항,,,,
대한항공,HL7209,B787-9,18.12.12,3,269,557000lbs,김포공항,,,,
대한항공,HL8315,BD500-1A11,18.11.30,3,127,67585kg,김포공항,,,,
대한항공,HL8091,BD500-1A11,19.01.21,3,127,67585kg,제주국제공항,,,,
대한항공,HL8345,B787-9,19.02.19,3,269,557000lbs,제주공항,,,,
대한항공,HL8346,B777-300ER,19.04.21,2,277,344.73ton,청주국제공항,,,,
대한항공,HL8347,B777-300ER,19.06.20,2,277,251.29ton,김포공항,,,,
대한항공,HL7701,A330-300,01.09.03,20,276,230ton,청주국제공항,,,,
대한항공,HL8348,B737-8,19.04.18,2,140,72303kg,제주국제공항,,,,
대한항공,HL7550,A330-300,97.01.29,25,276,215.28ton,김포공항,,,,
대한항공,HL7551,A330-300,97.04.28,24,276,215.28ton,김포공항,,,,
대한항공,HL7524,A330-300,98.05.06,23,276,215.28ton,김포공항,,,,
대한항공,HL7525,A330-300,98.05.12,23,276,215.28ton,김포공항,,,,
대한항공,HL7538,A330-200,98.07.10,23,218,228.18ton,인천국제공항,,,,
대한항공,HL7539,A330-200,98.08.21,23,218,228.18ton,인천국제공항,,,,
대한항공,HL7540,A330-300,98.11.12,23,276,215.28ton,김포공항,,,,
대한항공,HL7526,B777-200,98.05.28,23,248,286.9ton,인천국제공항,,,,
대한항공,HL7552,A330-200,99.02.09,23,218,228.18ton,김해공항,,,,
대한항공,HL7553,A330-300,99.04.16,22,276,215.28ton,인천국제공항,,,,
대한항공,HL7532,B777-300,98.08.13,23,338,272.97ton,인천국제공항,,,,
대한항공,HL7533,B777-300,98.10.21,23,338,272.97ton,인천국제공항,,,,
대한항공,HL7554,A330-300,99.01.04,23,276,215.28ton,김포공항,,,,
대한항공,HL7534,B777-300,98.01.04,24,338,272.97ton,인천국제공항,,,,
아시아나항공,HL7436,B747-400F,02.05.01,19,8,394.6ton,인천국제공항,,,,
아시아나항공,HL7700,B777-200,02.05.08,19,294,293.9ton,김포공항,,,,
아시아나항공,HL7732,B777-200,04.05.20,17,294,293.9ton,인천국제공항,,,,
아시아나항공,HL7736,A330-300,04.11.10,17,290,230ton,인천국제공항,,,,
아시아나항공,HL7740,A330-300,05.05.31,16,290,230ton,인천국제공항,,,,
아시아나항공,HL7739,B777-200,05.07.12,16,295,286.9ton,인천국제공항,,,,
아시아나항공,HL7741,A330-300,05.11.12,16,290,230ton,제주국제공항,,,,
아시아나항공,HL7746,A330-300,06.06.02,15,290,176ton,김포공항,,,,
아시아나항공,HL7747,A330-300,06.11.15,15,290,230ton,김해공항,,,,
아시아나항공,HL7755,B777-200,07.06.14,14,295,286.9ton,제주국제공항,,,,
아시아나항공,HL7754,A330-300,07.06.20,14,290,195ton,인천국제공항,,,,
아시아나항공,HL7756,B777-200,07.08.20,14,295,286.9ton,김포공항,,,,
아시아나항공,HL7772,A320-200,08.04.11,13,156,75.5ton,김해공항,,,,
아시아나항공,HL7775,B777-200,08.11.14,13,262,297.6ton,김포공항,,,,
아시아나항공,HL7792,A330-300,09.03.05,13,290,195ton,김포공항,,,,
아시아나항공,HL7788,A320-200,09.04.03,12,156,75.5ton,인천국제공항,,,,
아시아나항공,HL7793,A330-300,09.09.10,12,290,195ton,제주국제공항,,,,
아시아나항공,HL7791,B777-200,10.03.08,12,262,297.6ton,김포공항,,,,
아시아나항공,HL7794,A330-300,10.08.31,11,275,233ton,인천국제공항,,,,
아시아나항공,HL7616,B747-400F,04.09.17,17,8,397ton,인천국제공항,,,,
아시아나항공,HL7795,A330-300,11.02.25,11,275,233ton,제주국제공항,,,,
아시아나항공,HL8256,A321-200,12.05.18,9,171,89ton,제주국제공항,,,,
아시아나항공,HL7620,B747-400(BDSF),99.09.07,22,8,397ton,인천국제공항,,,,
아시아나항공,HL8257,A321-200,12.06.23,9,171,89ton,제주국제공항,,,,
아시아나항공,HL8258,A330-300,12.06.11,9,275,235ton,광주공항,,,,
아시아나항공,HL8254,B777-200,12.06.19,9,246,297.6ton,인천국제공항,,,,
아시아나항공,HL7618,B747-400(BDSF),92.05.30,29,6,397ton,인천국제공항,,,,
아시아나항공,HL8259,A330-300,12.07.24,9,275,235ton,인천국제공항,,,,
아시아나항공,HL8265,A321-200,12.08.27,9,171,89ton,인천국제공항,,,,
아시아나항공,HL8277,A321-200,13.01.30,9,171,89ton,인천국제공항,,,,
아시아나항공,HL8278,A321-200,13.02.22,9,171,89ton,제주국제공항,,,,
아시아나항공,HL8279,A321-200,13.05.21,8,171,89ton,인천국제공항,,,,
아시아나항공,HL8282,A330-300,13.06.24,8,290,230ton,인천국제공항,,,,
아시아나항공,HL8284,B777-200,13.07.17,8,246,297.6ton,김포공항,,,,
아시아나항공,HL8286,A330-300,13.10.22,8,290,230ton,김포공항,,,,
아시아나항공,HL8293,A330-300,14.03.28,7,290,230ton,김포공항,,,,
아시아나항공,HL7625,A380-800,13.12.13,8,495,569ton,인천국제공항,,,,
아시아나항공,HL7626,A380-800,14.02.25,8,495,569ton,인천국제공항,,,,
아시아나항공,HL8004,A321-200,14.09.26,7,171,89ton,제주국제공항,,,,
아시아나항공,HL8018,A321-200,14.12.17,7,171,89ton,제주국제공항,,,,
아시아나항공,HL7634,A380-800,14.12.17,7,495,569ton,인천국제공항,,,,
아시아나항공,HL7635,A380-800,15.02.10,7,495,569ton,인천국제공항,,,,
아시아나항공,HL8038,A321-200,15.09.08,6,171,89ton,김포공항,,,,
아시아나항공,HL8039,A321-200,15.10.01,6,171,89ton,김포공항,,,,
아시아나항공,HL8059,A321-200,16.04.08,5,171,89ton,김포공항,,,,
아시아나항공,HL8060,A321-200,16.05.20,5,171,89.0ton,김포공항,,,,
아시아나항공,HL8071,A321-200,16.08.09,5,171,89.0ton,김포공항,,,,
아시아나항공,HL7640,A380-800,16.05.17,5,495,569ton,김포공항,,,,
아시아나항공,HL8074,A321-200,16.12.05,5,171,89ton,인천국제공항,,,,
아시아나항공,HL7641,A380-800,16.08.10,5,495,569ton,인천국제공항,,,,
아시아나항공,HL8078,A350-900,17.03.28,4,311,268ton,인천국제공항,,,,
아시아나항공,HL8079,A350-900,17.06.29,4,311,268ton,김포공항,,,,
아시아나항공,HL7578,A350-900,17.09.05,4,311,268ton,김포공항,,,,
아시아나항공,HL7579,A350-900,17.12.06,4,311,268ton,김포공항,,,,
아시아나항공,HL7771,A350-900,18.02.19,4,311,275ton,김포공항,,,,
아시아나항공,HL8308,A350-900,18.06.11,3,311,275ton,인천국제공항,,,,
아시아나항공,HL8359,A350-900,19.02.20,3,311,275ton,김포공항,,,,
아시아나항공,HL8360,A350-900,19.02.20,3,311,275ton,인천국제공항,,,,
아시아나항공,HL8361,A350-900,19.05.24,2,311,275ton,김포공항,,,,
아시아나항공,HL8364,A321-200 NEO,19.07.22,2,188,93.5ton,인천국제공항,,,,
아시아나항공,HL8362,A350-900,19.09.23,2,311,275ton,청주국제공항,,,,
아시아나항공,HL8381,A350-900,20.01.10,2,311,275ton,김포공항,,,,
아시아나항공,HL8382,A350-900,20.02.11,2,311,275ton,청주국제공항,,,,
아시아나항공,HL8371,A321-200 NEO,20.03.25,1,188,93.5ton,청주국제공항,,,,
아시아나항공,HL8383,A350-900,20.10.26,1,311,268ton,인천국제공항,,,,
아시아나항공,HL8356,A321-200 NEO,21.01.26,1,180,93.5ton,김포공항,,,,
아시아나항공,HL8398,A321-200 NEO,21.05.18,0,180,93.5ton,인천국제공항,,,,
아시아나항공,HL8399,A321-200 NEO,21.12.23,0,180,93.5ton,청주국제공항,,,,
아시아나항공,HL7413,B747-400SF,91.09.27,30,8,394.6ton,김포공항,,,,
아시아나항공,HL7415,B747-400SF,92.10.30,29,8,396.8ton,김포공항,,,,
아시아나항공,HL7417,B747-400F,93.11.08,28,8,394.6ton,김포공항,,,,
아시아나항공,HL7419,B747-400F,94.10.13,27,8,394.6ton,김해공항,,,,
아시아나항공,HL7420,B747-400F,95.06.14,26,8,394.6ton,인천국제공항,,,,
아시아나항공,HL7421,B747-400(BDSF),96.08.07,25,264,394.6ton,김포공항,,,,
아시아나항공,HL7507,B767-300F,96.08.02,25,6,186.8ton,김포공항,,,,
아시아나항공,HL7506,B767-300,96.12.07,25,250,156.4ton,김해공항,,,,
아시아나항공,HL7514,B767-300,97.04.14,24,250,156.4ton,김포공항,,,,
아시아나항공,HL7515,B767-300,97.04.22,24,250,156.4ton,김포공항,,,,
아시아나항공,HL7423,B747-400(BDSF),97.05.22,24,264,394.6ton,김포공항,,,,
아시아나항공,HL7516,B767-300,97.07.15,24,250,156.4ton,김포공항,,,,
아시아나항공,HL7428,B747-400,98.05.29,23,359,394.6ton,김포공항,,,,
아시아나항공,HL7528,B767-300,98.03.12,24,250,156.4ton,광주공항,,,,
에어부산,HL7713,A321-200,02.04.25,19,195,89.0ton,김해공항,,,,
에어부산,HL7722,A321-200,03.08.22,18,177,89.0ton,김해공항,,,,
에어부산,HL7723,A321-200,03.10.13,18,177,89.0ton,김해공항,,,,
에어부산,HL7729,A321-200,04.01.08,18,195,89.0ton,김해공항,,,,
에어부산,HL7730,A321-200,04.04.20,17,195,89.0ton,김해공항,,,,
에어부산,HL7731,A321-200,04.06.01,17,195,89.0ton,김해공항,,,,
에어부산,HL7735,A321-200,04.08.30,17,195,89.0ton,김해공항,,,,
에어부산,HL7744,A320-200,06.05.30,15,162,73.5ton,김해공항,,,,
에어부산,HL7745,A320-200,06.06.29,15,162,73.5ton,김해공항,,,,
에어부산,HL7753,A320-200,06.10.19,15,162,75.5ton,김해공항,,,,
에어부산,HL7763,A321-200,07.10.30,14,177,89.0ton,김해공항,,,,
에어부산,HL8055,A320-200,06.03.14,15,162,77.4ton,김해공항,,,,
에어부산,HL8065,A320-200,05.04.04,16,162,77.4ton,김해공항,,,,
에어부산,HL8066,A320-200,05.04.13,16,162,77.4ton,김해공항,,,,
에어부산,HL8072,A321-200,06.11.02,15,220,89ton,김해공항,,,,
에어부산,HL7210,A321-200,17.07.12,4,220,89ton,김해공항,,,,
에어부산,HL8099,A321-200,17.10.20,4,220,89ton,김해공항,,,,
에어부산,HL7211,A321-200,17.10.11,4,220,89ton,김해공항,,,,
에어부산,HL8309,A320-200,12.01.12,10,180,77ton,김해공항,,,,
에어부산,HL8328,A320-200,12.02.17,10,180,77ton,김해공항,,,,
에어부산,HL8365,A321-200,09.04.20,12,220,93ton,김해공항,,,,
에어부산,HL8366,A321-200 NEO,20.03.04,2,220,97ton,김해공항,,,,
에어부산,HL8394,A321-200 NEO,20.05.15,1,220,97ton,김해공항,,,,
에어부산,HL8395,A321-200 NEO,21.05.05,0,232,93.5ton,김해공항,,,,
에어부산,HL8357,A321-200 NEO,21.10.19,0,232,93.5ton,김해공항,,,,
에어부산,HL8396,A321-200 NEO,21.01.20,1,232,93.5ton,김해공항,,,,
에어서울,HL7789,A321-200,09.11.19,12,171,89ton,인천국제공항,,,,
에어서울,HL7790,A321-200,09.12.14,12,171,89ton,김포공항,,,,
에어서울,HL8255,A321-200,12.02.02,10,171,89ton,인천국제공항,,,,
에어서울,HL8073,A321-200,06.10.26,15,220,89ton,김해공항,,,,
에어서울,HL7212,A321-200,17.11.23,4,220,89ton,인천국제공항,,,,
이스타항공,HL8374,B737-800,10.05.25,11,189,78.999ton,청주국제공항,,,,
이스타항공,HL8375,B737-800,10.10.04,11,189,78.999ton,청주국제공항,,,,
이스타항공,HL8507,B737-800,10.07.15,11,189,79015kg,김포공항,,,,
제주항공,HL8234,B737-800,02.11.14,19,189,79.015ton,제주국제공항,,,,
제주항공,HL8260,B737-800,02.03.16,19,189,79.015ton,제주국제공항,,,,
제주항공,HL8261,B737-800,02.07.26,19,189,79.015ton,제주국제공항,,,,
제주항공,HL8295,B737-800,06.02.08,16,189,79015kg,제주국제공항,,,,
제주항공,HL8297,B737-800,04.05.04,17,189,79015kg,제주국제공항,,,,
제주항공,HL8296,B737-800,04.03.01,18,189,79015kg,제주국제공항,,,,
제주항공,HL8019,B737-800,06.05.19,15,189,79.015ton,제주국제공항,,,,
제주항공,HL8020,B737-800,06.12.12,15,189,79015kg,제주국제공항,,,,
제주항공,HL8031,B737-800,10.12.10,11,189,79015kg,제주국제공항,,,,
제주항공,HL8032,B737-800,10.03.10,12,189,70987kg,제주국제공항,,,,
제주항공,HL8034,B737-800,11.10.10,10,189,79015kg,제주국제공항,,,,
제주항공,HL8051,B737-800,08.04.17,13,189,79015kg,제주국제공항,,,,
제주항공,HL8061,B737-800,08.12.02,13,189,74990kg,제주국제공항,,,,
제주항공,HL8062,B737-800,08.12.19,13,189,79015kg,제주국제공항,,,,
제주항공,HL8063,B737-800,09.01.21,13,189,79015kg,제주국제공항,,,,
제주항공,HL8064,B737-800,09.05.06,12,189,79015kg,제주국제공항,,,,
제주항공,HL8087,B737-800,09.11.05,12,189,79015kg,제주공항,,,,
제주항공,HL8088,B737-800,09.09.04,12,189,79015kg,제주국제공항,,,,
제주항공,HL8090,B737-800,09.07.24,12,189,79015kg,제주국제공항,,,,
제주항공,HL8089,B737-800,09.09.11,12,189,79015kg,제주국제공항,,,,
제주항공,HL7213,B737-800,09.09.02,12,189,78999kg,제주국제공항,,,,
제주항공,HL8301,B737-800,07.06.08,14,189,79000kg,제주국제공항,,,,
제주항공,HL8304,B737-800,10.03.03,12,189,78999kg,제주국제공항,,,,
제주항공,HL8303,B737-800,05.06.23,16,189,79000kg,제주국제공항,,,,
제주항공,HL8302,B737-800,05.05.02,16,189,79000kg,제주국제공항,,,,
제주항공,HL8316,B737-800,18.07.17,3,174,79000kg,제주국제공항,,,,
제주항공,HL8305,B737-800,10.08.11,11,189,79000kg,제주국제공항,,,,
제주항공,HL8317,B737-800,18.08.21,3,174,79000kg,제주국제공항,,,,
제주항공,HL8318,B737-800,18.10.16,3,174,79000kg,제주국제공항,,,,
제주항공,HL8331,B737-800,11.09.29,10,189,79000kg,제주국제공항,,,,
제주항공,HL8321,B737-800,07.01.23,15,189,79000kg,제주국제공항,,,,
제주항공,HL8332,B737-800,11.12.19,10,189,79000kg,제주국제공항,,,,
제주항공,HL8322,B737-800,07.02.21,15,189,79000kg,제주국제공항,,,,
제주항공,HL8333,B737-800,12.05.21,9,189,79000kg,제주국제공항,,,,
제주항공,HL8334,B737-800,12.06.11,9,189,79000kg,제주국제공항,,,,
제주항공,HL8335,B737-800,12.07.02,9,189,79000kg,제주국제공항,,,,
제주항공,HL8337,B737-800,11.04.19,10,189,79000kg,제주국제공항,,,,
제주항공,HL8339,B737-800,11.05.21,10,189,79000kg,제주국제공항,,,,
제주항공,HL8336,B737-800,12.08.16,9,189,79000kg,제주국제공항,,,,
진에어,HL7558,B737-800,00.05.27,21,189,79015kg,김포공항,,,,
진에어,HL7561,B737-800,00.08.28,21,189,79ton,포항공항,,,,
진에어,HL7562,B737-800,00.09.15,21,189,79ton,인천국제공항,,,,
진에어,HL7719,B737-900,03.11.09,18,188,79ton,제주국제공항,,,,
진에어,HL7733,B777-200,05.05.09,16,393,292.56ton,인천국제공항,,,,
진에어,HL7734,B777-200,05.07.06,16,393,292.56ton,제주국제공항,,,,
진에어,HL7743,B777-200,06.08.03,15,393,292.56ton,제주국제공항,,,,
진에어,HL7757,B737-800,06.11.08,15,147,79ton,청주국제공항,,,,
진에어,HL7750,B777-200,07.05.09,14,393,292.56ton,김포공항,,,,
진에어,HL7786,B737-800,09.06.18,12,147,79ton,김포공항,,,,
진에어,HL8224,B737-800,11.06.25,10,138,74.4ton,원주공항,,,,
진에어,HL8225,B737-800,11.10.05,10,138,74.4ton,포항공항,,,,
진에어,HL8242,B737-800,11.12.19,10,138,79ton,청주국제공항,,,,
진에어,HL8243,B737-800,12.01.31,10,138,79ton,청주국제공항,,,,
진에어,HL8244,B737-800,12.02.13,10,138,79ton,청주국제공항,,,,
진에어,HL8245,B737-800,12.03.23,9,138,79ton,청주국제공항,,,,
진에어,HL8246,B737-800,12.05.17,9,138,79ton,청주국제공항,,,,
진에어,HL8247,B737-800,12.10.01,9,138,79ton,청주국제공항,,,,
진에어,HL8012,B737-800,15.07.14,6,189,79ton,포항공항,,,,
진에어,HL8013,B737-800,15.08.31,6,189,79ton,원주공항,,,,
진에어,HL8015,B737-800,15.09.30,6,189,79.0ton,원주공항,,,,
진에어,HL8014,B737-800,15.10.12,6,189,79.0ton,원주공항,,,,
진에어,HL8016,B737-800,16.03.05,6,189,79ton,원주공항,,,,
진에어,HL8017,B737-800,16.06.19,5,189,79.0ton,청주국제공항,,,,
티웨이항공,HL8235,B737-800,10.08.31,11,189,70.533ton,양양공항,,,,
티웨이항공,HL8237,B737-800,03.03.13,19,189,79.015ton,제주국제공항,,,,
티웨이항공,HL8268,B737-800,03.06.09,18,189,79.017ton,청주국제공항,,,,
티웨이항공,HL8294,B737-800,04.03.21,17,189,79.015ton,제주국제공항,,,,
티웨이항공,HL8000,B737-800,06.01.29,16,189,79015kg,청주국제공항,,,,
티웨이항공,HL8024,B737-800,10.09.08,11,189,79015kg,광주공항,,,,
티웨이항공,HL8030,B737-800,15.03.04,7,189,79015kg,양양공항,,,,
티웨이항공,HL8047,B737-800,07.10.22,14,189,79015kg,김포공항,,,,
티웨이항공,HL8056,B737-800,08.04.17,13,189,79015kg,양양공항,,,,
티웨이항공,HL8067,B737-800,08.06.27,13,189,79015kg,양양공항,,,,
티웨이항공,HL8069,B737-800,09.03.31,12,189,78999kg,김포공항,,,,
티웨이항공,HL8070,B737-800,09.06.30,12,189,78999kg,인천국제공항,,,,
티웨이항공,HL8086,B737-800,11.01.28,11,189,79015kg,양양공항,,,,
티웨이항공,HL8098,B737-800,09.07.20,12,189,79015kg,대구공항,,,,
티웨이항공,HL8220,B737-800,09.05.27,12,189,79015kg,대구공항,,,,
티웨이항공,HL8095,B737-800,17.06.15,4,189,79015kg,김포공항,,,,
티웨이항공,HL8300,B737-800,17.12.15,4,189,78999kg,양양공항,,,,
티웨이항공,HL8306,B737-800,11.02.09,11,189,78999kg,청주국제공항,,,,
티웨이항공,HL8323,B737-800,11.09.26,10,189,78999kg,김포공항,,,,
티웨이항공,HL8326,B737-800,11.09.26,10,189,78999kg,김포공항,,,,
티웨이항공,HL8324,B737-800,11.09.20,10,189,78999kg,김포공항,,,,
티웨이항공,HL8327,B737-800,10.11.05,11,189,78999kg,청주국제공항,,,,
티웨이항공,HL8329,B737-800,10.11.12,11,189,79015kg,인천국제공항,,,,
티웨이항공,HL8363,B737-800,07.01.17,15,189,78999kg,김포공항,,,,
티웨이항공,HL8354,B737-800,11.06.03,10,189,78999kg,청주국제공항,,,,
티웨이항공,HL8378,B737-800,09.09.08,12,189,79015kg,대구공항,,,,
티웨이항공,HL8379,B737-800,09.07.29,12,189,78999kg,대구공항,,,,
티웨이항공,HL8501,A330-300,09.10.29,12,347,235000kg,양양국제공항,,,,
,,,,,,,,,,,
,,,,,,,,,,,
,,,,,,,,,,,
,,,,,,,,,,,
,,,,,,,,,,,
,,,,,,,,,,,
,,,,,,,,,,,
,,,,,,,,,,,
,,,,,,,,,,,
,,,,,,,,,,,
,,,,,,,,,,,
,,,,,,,,,,,
,,,,,,,,,,,
,,,,,,,,,,,
,,,,,,,,,,,
,,,,,,,,,,,
,,,,,,,,,,,
,,,,,,,,,,,
,,,,,,,,,,,
,,,,,,,,,,,
,,,,,,,,,,,
,,,,,,,,,,,
,,,,,,,,,,,
,,,,,,,,,,,
,,,,,,,,,,,
,,,,,,,,,,,
,,,,,,,,,,,
,,,,,,,,,,,
,,,,,,,,,,,
,,,,,,,,,,,
,,,,,,,,,,,
,,,,,,,,,,,
,,,,,,,,,,,
,,,,,,,,,,,
,,,,,,,,,,,
,,,,,,,,,,,
,,,,,,,,,,,
,,,,,,,,,,,
,,,,,,,,,,,
,,,,,,,,,,,
,,,,,,,,,,,
,,,,,,,,,,,
,,,,,,,,,,,
,,,,,,,,,,,
,,,,,,,,,,,
,,,,,,,,,,,
,,,,,,,,,,,
,,,,,,,,,,,
,,,,,,,,,,,
,,,,,,,,,,,
,,,,,,,,,,,
,,,,,,,,,,,
,,,,,,,,,,,
,,,,,,,,,,,
,,,,,,,,,,,
,,,,,,,,,,,
,,,,,,,,,,,
,,,,,,,,,,,
,,,,,,,,,,,
,,,,,,,,,,,
,,,,,,,,,,,
,,,,,,,,,,,
,,,,,,,,,,,
,,,,,,,,,,,
,,,,,,,,,,,
,,,,,,,,,,,
,,,,,,,,,,,
,,,,,,,,,,,
,,,,,,,,,,,
,,,,,,,,,,,
,,,,,,,,,,,
,,,,,,,,,,,
,,,,,,,,,,,
,,,,,,,,,,,
,,,,,,,,,,,
,,,,,,,,,,,
,,,,,,,,,,,
,,,,,,,,,,,
,,,,,,,,,,,
,,,,,,,,,,,
,,,,,,,,,,,
,,,,,,,,,,,
,,,,,,,,,,,
,,,,,,,,,,,
,,,,,,,,,,,
,,,,,,,,,,,
,,,,,,,,,,,
,,,,,,,,,,,
,,,,,,,,,,,
,,,,,,,,,,,
,,,,,,,,,,,
,,,,,,,,,,,
,,,,,,,,,,,
,,,,,,,,,,,
,,,,,,,,,,,
,,,,,,,,,,,
,,,,,,,,,,,
,,,,,,,,,,,
,,,,,,,,,,,
,,,,,,,,,,,
,,,,,,,,,,,
,,,,,,,,,,,
,,,,,,,,,,,
,,,,,,,,,,,
,,,,,,,,,,,
,,,,,,,,,,,
,,,,,,,,,,,
,,,,,,,,,,,
,,,,,,,,,,,
,,,,,,,,,,,
,,,,,,,,,,,
,,,,,,,,,,,
,,,,,,,,,,,
,,,,,,,,,,,
,,,,,,,,,,,
,,,,,,,,,,,
,,,,,,,,,,,
,,,,,,,,,,,
,,,,,,,,,,,
,,,,,,,,,,,
,,,,,,,,,,,
,,,,,,,,,,,
,,,,,,,,,,,
,,,,,,,,,,,
,,,,,,,,,,,
,,,,,,,,,,,
,,,,,,,,,,,
,,,,,,,,,,,
,,,,,,,,,,,
,,,,,,,,,,,
,,,,,,,,,,,
,,,,,,,,,,,
,,,,,,,,,,,
,,,,,,,,,,,
,,,,,,,,,,,
,,,,,,,,,,,
,,,,,,,,,,,
,,,,,,,,,,,
,,,,,,,,,,,
,,,,,,,,,,,
,,,,,,,,,,,
,,,,,,,,,,,
,,,,,,,,,,,
,,,,,,,,,,,
,,,,,,,,,,,
,,,,,,,,,,,
,,,,,,,,,,,
,,,,,,,,,,,
,,,,,,,,,,,
,,,,,,,,,,,
,,,,,,,,,,,
,,,,,,,,,,,
,,,,,,,,,,,
,,,,,,,,,,,
,,,,,,,,,,,
,,,,,,,,,,,
,,,,,,,,,,,
,,,,,,,,,,,
,,,,,,,,,,,
,,,,,,,,,,,
,,,,,,,,,,,
,,,,,,,,,,,
,,,,,,,,,,,
,,,,,,,,,,,
,,,,,,,,,,,
,,,,,,,,,,,
,,,,,,,,,,,
,,,,,,,,,,,
,,,,,,,,,,,
,,,,,,,,,,,
,,,,,,,,,,,
,,,,,,,,,,,
,,,,,,,,,,,
,,,,,,,,,,,
,,,,,,,,,,,
,,,,,,,,,,,
,,,,,,,,,,,
,,,,,,,,,,,
,,,,,,,,,,,
,,,,,,,,,,,
,,,,,,,,,,,
,,,,,,,,,,,
,,,,,,,,,,,
,,,,,,,,,,,
,,,,,,,,,,,
,,,,,,,,,,,
,,,,,,,,,,,
,,,,,,,,,,,
,,,,,,,,,,,
,,,,,,,,,,,
,,,,,,,,,,,
,,,,,,,,,,,
,,,,,,,,,,,
,,,,,,,,,,,
,,,,,,,,,,,
,,,,,,,,,,,
,,,,,,,,,,,
,,,,,,,,,,,
,,,,,,,,,,,
,,,,,,,,,,,
,,,,,,,,,,,
,,,,,,,,,,,
,,,,,,,,,,,
,,,,,,,,,,,
,,,,,,,,,,,
,,,,,,,,,,,
,,,,,,,,,,,
,,,,,,,,,,,
,,,,,,,,,,,
,,,,,,,,,,,
,,,,,,,,,,,
,,,,,,,,,,,
,,,,,,,,,,,
,,,,,,,,,,,
,,,,,,,,,,,
,,,,,,,,,,,
,,,,,,,,,,,
,,,,,,,,,,,
,,,,,,,,,,,
,,,,,,,,,,,
,,,,,,,,,,,
,,,,,,,,,,,
,,,,,,,,,,,
,,,,,,,,,,,
,,,,,,,,,,,
,,,,,,,,,,,
,,,,,,,,,,,
,,,,,,,,,,,
,,,,,,,,,,,
,,,,,,,,,,,
,,,,,,,,,,,
,,,,,,,,,,,
,,,,,,,,,,,
,,,,,,,,,,,
,,,,,,,,,,,
,,,,,,,,,,,
,,,,,,,,,,,
,,,,,,,,,,,
,,,,,,,,,,,
,,,,,,,,,,,
,,,,,,,,,,,
,,,,,,,,,,,
,,,,,,,,,,,
,,,,,,,,,,,
,,,,,,,,,,,
,,,,,,,,,,,
,,,,,,,,,,,
,,,,,,,,,,,
,,,,,,,,,,,
,,,,,,,,,,,
,,,,,,,,,,,
,,,,,,,,,,,
,,,,,,,,,,,
,,,,,,,,,,,
,,,,,,,,,,,
,,,,,,,,,,,
,,,,,,,,,,,
,,,,,,,,,,,
,,,,,,,,,,,
,,,,,,,,,,,
,,,,,,,,,,,
,,,,,,,,,,,
,,,,,,,,,,,
,,,,,,,,,,,
,,,,,,,,,,,
,,,,,,,,,,,
,,,,,,,,,,,
,,,,,,,,,,,
,,,,,,,,,,,
,,,,,,,,,,,
,,,,,,,,,,,
,,,,,,,,,,,
,,,,,,,,,,,
,,,,,,,,,,,
,,,,,,,,,,,
,,,,,,,,,,,
,,,,,,,,,,,
,,,,,,,,,,,
,,,,,,,,,,,
,,,,,,,,,,,
,,,,,,,,,,,
,,,,,,,,,,,
,,,,,,,,,,,
,,,,,,,,,,,
,,,,,,,,,,,
,,,,,,,,,,,
,,,,,,,,,,,
,,,,,,,,,,,
,,,,,,,,,,,
,,,,,,,,,,,
,,,,,,,,,,,
,,,,,,,,,,,
,,,,,,,,,,,
,,,,,,,,,,,
,,,,,,,,,,,
,,,,,,,,,,,
,,,,,,,,,,,
,,,,,,,,,,,
,,,,,,,,,,,
,,,,,,,,,,,
,,,,,,,,,,,
,,,,,,,,,,,
,,,,,,,,,,,
,,,,,,,,,,,
,,,,,,,,,,,
,,,,,,,,,,,
,,,,,,,,,,,
,,,,,,,,,,,
,,,,,,,,,,,
,,,,,,,,,,,
,,,,,,,,,,,
,,,,,,,,,,,
,,,,,,,,,,,
,,,,,,,,,,,
,,,,,,,,,,,
,,,,,,,,,,,
,,,,,,,,,,,
,,,,,,,,,,,
,,,,,,,,,,,
,,,,,,,,,,,
,,,,,,,,,,,
,,,,,,,,,,,
,,,,,,,,,,,
,,,,,,,,,,,
,,,,,,,,,,,
,,,,,,,,,,,
,,,,,,,,,,,
,,,,,,,,,,,
,,,,,,,,,,,
,,,,,,,,,,,
,,,,,,,,,,,
,,,,,,,,,,,
,,,,,,,,,,,
,,,,,,,,,,,
,,,,,,,,,,,
,,,,,,,,,,,
,,,,,,,,,,,
,,,,,,,,,,,
,,,,,,,,,,,
,,,,,,,,,,,
,,,,,,,,,,,
,,,,,,,,,,,
,,,,,,,,,,,
,,,,,,,,,,,
,,,,,,,,,,,
,,,,,,,,,,,
,,,,,,,,,,,
,,,,,,,,,,,
,,,,,,,,,,,
,,,,,,,,,,,
,,,,,,,,,,,
,,,,,,,,,,,
,,,,,,,,,,,
,,,,,,,,,,,
,,,,,,,,,,,
,,,,,,,,,,,
,,,,,,,,,,,
,,,,,,,,,,,
,,,,,,,,,,,
,,,,,,,,,,,
,,,,,,,,,,,
,,,,,,,,,,,
,,,,,,,,,,,
,,,,,,,,,,,
,,,,,,,,,,,
,,,,,,,,,,,
,,,,,,,,,,,
,,,,,,,,,,,
,,,,,,,,,,,
,,,,,,,,,,,
,,,,,,,,,,,
,,,,,,,,,,,
,,,,,,,,,,,
,,,,,,,,,,,
,,,,,,,,,,,
,,,,,,,,,,,
,,,,,,,,,,,
,,,,,,,,,,,
,,,,,,,,,,,
,,,,,,,,,,,
,,,,,,,,,,,
,,,,,,,,,,,
,,,,,,,,,,,
,,,,,,,,,,,
,,,,,,,,,,,
,,,,,,,,,,,
,,,,,,,,,,,
,,,,,,,,,,,
,,,,,,,,,,,
,,,,,,,,,,,
,,,,,,,,,,,
,,,,,,,,,,,
,,,,,,,,,,,
,,,,,,,,,,,
,,,,,,,,,,,
,,,,,,,,,,,
,,,,,,,,,,,
,,,,,,,,,,,
,,,,,,,,,,,
,,,,,,,,,,,
,,,,,,,,,,,
,,,,,,,,,,,
,,,,,,,,,,,
,,,,,,,,,,,
,,,,,,,,,,,
,,,,,,,,,,,
,,,,,,,,,,,
,,,,,,,,,,,
,,,,,,,,,,,
,,,,,,,,,,,
,,,,,,,,,,,
,,,,,,,,,,,
,,,,,,,,,,,
,,,,,,,,,,,
,,,,,,,,,,,
,,,,,,,,,,,
,,,,,,,,,,,
,,,,,,,,,,,
,,,,,,,,,,,
,,,,,,,,,,,
,,,,,,,,,,,
,,,,,,,,,,,
,,,,,,,,,,,
,,,,,,,,,,,
,,,,,,,,,,,
,,,,,,,,,,,
,,,,,,,,,,,
,,,,,,,,,,,
,,,,,,,,,,,
,,,,,,,,,,,
,,,,,,,,,,,
,,,,,,,,,,,
,,,,,,,,,,,
,,,,,,,,,,,
,,,,,,,,,,,
,,,,,,,,,,,
,,,,,,,,,,,
,,,,,,,,,,,
,,,,,,,,,,,
,,,,,,,,,,,
,,,,,,,,,,,
,,,,,,,,,,,
,,,,,,,,,,,
,,,,,,,,,,,
,,,,,,,,,,,
,,,,,,,,,,,
,,,,,,,,,,,
,,,,,,,,,,,
